"REF_DATE","GEO","DGUID","Prices","Seasonal adjustment","Estimates","UOM","UOM_ID","SCALAR_FACTOR","SCALAR_ID","VECTOR","COORDINATE","VALUE","STATUS","SYMBOL","TERMINATED","DECIMALS"
"2020-01","Canada","2016A000011124","Chained (2012) dollars","Seasonally adjusted at annual rates","Food and non-alcoholic beverages [C11]","Dollars","81","millions","6","v61988958","1.1.1.1","110696","","","","0"
"2020-04","Canada","2016A000011124","Chained (2012) dollars","Seasonally adjusted at annual rates","Food and non-alcoholic beverages [C11]","Dollars","81","millions","6","v61988958","1.1.1.1","111673","","","","0"
"2020-07","Canada","2016A000011124","Chained (2012) dollars","Seasonally adjusted at annual rates","Food and non-alcoholic beverages [C11]","Dollars","81","millions","6","v61988958","1.1.1.1","112128","","","","0"
"2020-10","Canada","2016A000011124","Chained (2012) dollars","Seasonally adjusted at annual rates","Food and non-alcoholic beverages [C11]","Dollars","81","millions","6","v61988958","1.1.1.1","115157","","","","0"
"2021-01","Canada","2016A000011124","Chained (2012) dollars","Seasonally adjusted at annual rates","Food and non-alcoholic beverages [C11]","Dollars","81","millions","6","v61988958","1.1.1.1","116594","","","","0"
"2021-04","Canada","2016A000011124","Chained (2012) dollars","Seasonally adjusted at annual rates","Food and non-alcoholic beverages [C11]","Dollars","81","millions","6","v61988958","1.1.1.1","111886","","","","0"
"2021-07","Canada","2016A000011124","Chained (2012) dollars","Seasonally adjusted at annual rates","Food and non-alcoholic beverages [C11]","Dollars","81","millions","6","v61988958","1.1.1.1","110117","","","","0"
"2020-01","Canada","2016A000011124","Chained (2012) dollars","Seasonally adjusted at annual rates","Food [C111]","Dollars","81","millions","6","v61988959","1.1.1.2","98296","","","","0"
"2020-04","Canada","2016A000011124","Chained (2012) dollars","Seasonally adjusted at annual rates","Food [C111]","Dollars","81","millions","6","v61988959","1.1.1.2","99264","","","","0"
"2020-07","Canada","2016A000011124","Chained (2012) dollars","Seasonally adjusted at annual rates","Food [C111]","Dollars","81","millions","6","v61988959","1.1.1.2","99080","","","","0"
"2020-10","Canada","2016A000011124","Chained (2012) dollars","Seasonally adjusted at annual rates","Food [C111]","Dollars","81","millions","6","v61988959","1.1.1.2","102096","","","","0"
"2021-01","Canada","2016A000011124","Chained (2012) dollars","Seasonally adjusted at annual rates","Food [C111]","Dollars","81","millions","6","v61988959","1.1.1.2","103424","","","","0"
"2021-04","Canada","2016A000011124","Chained (2012) dollars","Seasonally adjusted at annual rates","Food [C111]","Dollars","81","millions","6","v61988959","1.1.1.2","99040","","","","0"
"2021-07","Canada","2016A000011124","Chained (2012) dollars","Seasonally adjusted at annual rates","Food [C111]","Dollars","81","millions","6","v61988959","1.1.1.2","97044","","","","0"
"2020-01","Canada","2016A000011124","Chained (2012) dollars","Seasonally adjusted at annual rates","Non-alcoholic beverages [C112]","Dollars","81","millions","6","v61988960","1.1.1.3","12404","","","","0"
"2020-04","Canada","2016A000011124","Chained (2012) dollars","Seasonally adjusted at annual rates","Non-alcoholic beverages [C112]","Dollars","81","millions","6","v61988960","1.1.1.3","12404","","","","0"
"2020-07","Canada","2016A000011124","Chained (2012) dollars","Seasonally adjusted at annual rates","Non-alcoholic beverages [C112]","Dollars","81","millions","6","v61988960","1.1.1.3","13104","","","","0"
"2020-10","Canada","2016A000011124","Chained (2012) dollars","Seasonally adjusted at annual rates","Non-alcoholic beverages [C112]","Dollars","81","millions","6","v61988960","1.1.1.3","13084","","","","0"
"2021-01","Canada","2016A000011124","Chained (2012) dollars","Seasonally adjusted at annual rates","Non-alcoholic beverages [C112]","Dollars","81","millions","6","v61988960","1.1.1.3","13188","","","","0"
"2021-04","Canada","2016A000011124","Chained (2012) dollars","Seasonally adjusted at annual rates","Non-alcoholic beverages [C112]","Dollars","81","millions","6","v61988960","1.1.1.3","12880","","","","0"
"2021-07","Canada","2016A000011124","Chained (2012) dollars","Seasonally adjusted at annual rates","Non-alcoholic beverages [C112]","Dollars","81","millions","6","v61988960","1.1.1.3","13144","","","","0"
"2020-01","Canada","2016A000011124","Chained (2012) dollars","Seasonally adjusted at annual rates","Alcoholic beverages,  tobacco and cannabis [C12]","Dollars","81","millions","6","v61988961","1.1.1.4","42375","","","","0"
"2020-04","Canada","2016A000011124","Chained (2012) dollars","Seasonally adjusted at annual rates","Alcoholic beverages,  tobacco and cannabis [C12]","Dollars","81","millions","6","v61988961","1.1.1.4","42657","","","","0"
"2020-07","Canada","2016A000011124","Chained (2012) dollars","Seasonally adjusted at annual rates","Alcoholic beverages,  tobacco and cannabis [C12]","Dollars","81","millions","6","v61988961","1.1.1.4","43247","","","","0"
"2020-10","Canada","2016A000011124","Chained (2012) dollars","Seasonally adjusted at annual rates","Alcoholic beverages,  tobacco and cannabis [C12]","Dollars","81","millions","6","v61988961","1.1.1.4","43282","","","","0"
"2021-01","Canada","2016A000011124","Chained (2012) dollars","Seasonally adjusted at annual rates","Alcoholic beverages,  tobacco and cannabis [C12]","Dollars","81","millions","6","v61988961","1.1.1.4","44203","","","","0"
"2021-04","Canada","2016A000011124","Chained (2012) dollars","Seasonally adjusted at annual rates","Alcoholic beverages,  tobacco and cannabis [C12]","Dollars","81","millions","6","v61988961","1.1.1.4","44052","","","","0"
"2021-07","Canada","2016A000011124","Chained (2012) dollars","Seasonally adjusted at annual rates","Alcoholic beverages,  tobacco and cannabis [C12]","Dollars","81","millions","6","v61988961","1.1.1.4","44170","","","","0"
"2020-01","Canada","2016A000011124","Chained (2012) dollars","Seasonally adjusted at annual rates","Alcoholic beverages [C121]","Dollars","81","millions","6","v61988962","1.1.1.5","23332","","","","0"
"2020-04","Canada","2016A000011124","Chained (2012) dollars","Seasonally adjusted at annual rates","Alcoholic beverages [C121]","Dollars","81","millions","6","v61988962","1.1.1.5","23252","","","","0"
"2020-07","Canada","2016A000011124","Chained (2012) dollars","Seasonally adjusted at annual rates","Alcoholic beverages [C121]","Dollars","81","millions","6","v61988962","1.1.1.5","23368","","","","0"
"2020-10","Canada","2016A000011124","Chained (2012) dollars","Seasonally adjusted at annual rates","Alcoholic beverages [C121]","Dollars","81","millions","6","v61988962","1.1.1.5","23248","","","","0"
"2021-01","Canada","2016A000011124","Chained (2012) dollars","Seasonally adjusted at annual rates","Alcoholic beverages [C121]","Dollars","81","millions","6","v61988962","1.1.1.5","24204","","","","0"
"2021-04","Canada","2016A000011124","Chained (2012) dollars","Seasonally adjusted at annual rates","Alcoholic beverages [C121]","Dollars","81","millions","6","v61988962","1.1.1.5","23948","","","","0"
"2021-07","Canada","2016A000011124","Chained (2012) dollars","Seasonally adjusted at annual rates","Alcoholic beverages [C121]","Dollars","81","millions","6","v61988962","1.1.1.5","23708","","","","0"
"2020-01","Canada","2016A000011124","Chained (2012) dollars","Seasonally adjusted at annual rates","Tobacco [C122]","Dollars","81","millions","6","v61988963","1.1.1.6","12492","","","","0"
"2020-04","Canada","2016A000011124","Chained (2012) dollars","Seasonally adjusted at annual rates","Tobacco [C122]","Dollars","81","millions","6","v61988963","1.1.1.6","12608","","","","0"
"2020-07","Canada","2016A000011124","Chained (2012) dollars","Seasonally adjusted at annual rates","Tobacco [C122]","Dollars","81","millions","6","v61988963","1.1.1.6","12520","","","","0"
"2020-10","Canada","2016A000011124","Chained (2012) dollars","Seasonally adjusted at annual rates","Tobacco [C122]","Dollars","81","millions","6","v61988963","1.1.1.6","12280","","","","0"
"2021-01","Canada","2016A000011124","Chained (2012) dollars","Seasonally adjusted at annual rates","Tobacco [C122]","Dollars","81","millions","6","v61988963","1.1.1.6","12292","","","","0"
"2021-04","Canada","2016A000011124","Chained (2012) dollars","Seasonally adjusted at annual rates","Tobacco [C122]","Dollars","81","millions","6","v61988963","1.1.1.6","12132","","","","0"
"2021-07","Canada","2016A000011124","Chained (2012) dollars","Seasonally adjusted at annual rates","Tobacco [C122]","Dollars","81","millions","6","v61988963","1.1.1.6","12012","","","","0"
"2020-01","Canada","2016A000011124","Chained (2012) dollars","Seasonally adjusted at annual rates","Cannabis [C123]","Dollars","81","millions","6","v1043024085","1.1.1.61","7366","","","","0"
"2020-04","Canada","2016A000011124","Chained (2012) dollars","Seasonally adjusted at annual rates","Cannabis [C123]","Dollars","81","millions","6","v1043024085","1.1.1.61","7699","","","","0"
"2020-07","Canada","2016A000011124","Chained (2012) dollars","Seasonally adjusted at annual rates","Cannabis [C123]","Dollars","81","millions","6","v1043024085","1.1.1.61","8649","","","","0"
"2020-10","Canada","2016A000011124","Chained (2012) dollars","Seasonally adjusted at annual rates","Cannabis [C123]","Dollars","81","millions","6","v1043024085","1.1.1.61","9402","","","","0"
"2021-01","Canada","2016A000011124","Chained (2012) dollars","Seasonally adjusted at annual rates","Cannabis [C123]","Dollars","81","millions","6","v1043024085","1.1.1.61","9422","","","","0"
"2021-04","Canada","2016A000011124","Chained (2012) dollars","Seasonally adjusted at annual rates","Cannabis [C123]","Dollars","81","millions","6","v1043024085","1.1.1.61","9933","","","","0"
"2021-07","Canada","2016A000011124","Chained (2012) dollars","Seasonally adjusted at annual rates","Cannabis [C123]","Dollars","81","millions","6","v1043024085","1.1.1.61","10815","","","","0"
"2020-01","Canada","2016A000011124","Chained (2012) dollars","Seasonally adjusted at annual rates","Clothing and footwear [C13]","Dollars","81","millions","6","v61988964","1.1.1.7","42266","","","","0"
"2020-04","Canada","2016A000011124","Chained (2012) dollars","Seasonally adjusted at annual rates","Clothing and footwear [C13]","Dollars","81","millions","6","v61988964","1.1.1.7","30277","","","","0"
"2020-07","Canada","2016A000011124","Chained (2012) dollars","Seasonally adjusted at annual rates","Clothing and footwear [C13]","Dollars","81","millions","6","v61988964","1.1.1.7","47058","","","","0"
"2020-10","Canada","2016A000011124","Chained (2012) dollars","Seasonally adjusted at annual rates","Clothing and footwear [C13]","Dollars","81","millions","6","v61988964","1.1.1.7","44344","","","","0"
"2021-01","Canada","2016A000011124","Chained (2012) dollars","Seasonally adjusted at annual rates","Clothing and footwear [C13]","Dollars","81","millions","6","v61988964","1.1.1.7","42555","","","","0"
"2021-04","Canada","2016A000011124","Chained (2012) dollars","Seasonally adjusted at annual rates","Clothing and footwear [C13]","Dollars","81","millions","6","v61988964","1.1.1.7","42277","","","","0"
"2021-07","Canada","2016A000011124","Chained (2012) dollars","Seasonally adjusted at annual rates","Clothing and footwear [C13]","Dollars","81","millions","6","v61988964","1.1.1.7","53825","","","","0"
"2020-01","Canada","2016A000011124","Chained (2012) dollars","Seasonally adjusted at annual rates","Clothing [C131]","Dollars","81","millions","6","v61988965","1.1.1.8","35636","","","","0"
"2020-04","Canada","2016A000011124","Chained (2012) dollars","Seasonally adjusted at annual rates","Clothing [C131]","Dollars","81","millions","6","v61988965","1.1.1.8","25119","","","","0"
"2020-07","Canada","2016A000011124","Chained (2012) dollars","Seasonally adjusted at annual rates","Clothing [C131]","Dollars","81","millions","6","v61988965","1.1.1.8","39380","","","","0"
"2020-10","Canada","2016A000011124","Chained (2012) dollars","Seasonally adjusted at annual rates","Clothing [C131]","Dollars","81","millions","6","v61988965","1.1.1.8","37035","","","","0"
"2021-01","Canada","2016A000011124","Chained (2012) dollars","Seasonally adjusted at annual rates","Clothing [C131]","Dollars","81","millions","6","v61988965","1.1.1.8","35748","","","","0"
"2021-04","Canada","2016A000011124","Chained (2012) dollars","Seasonally adjusted at annual rates","Clothing [C131]","Dollars","81","millions","6","v61988965","1.1.1.8","35681","","","","0"
"2021-07","Canada","2016A000011124","Chained (2012) dollars","Seasonally adjusted at annual rates","Clothing [C131]","Dollars","81","millions","6","v61988965","1.1.1.8","45232","","","","0"
"2020-01","Canada","2016A000011124","Chained (2012) dollars","Seasonally adjusted at annual rates","Footwear [C132]","Dollars","81","millions","6","v61988966","1.1.1.9","6632","","","","0"
"2020-04","Canada","2016A000011124","Chained (2012) dollars","Seasonally adjusted at annual rates","Footwear [C132]","Dollars","81","millions","6","v61988966","1.1.1.9","5168","","","","0"
"2020-07","Canada","2016A000011124","Chained (2012) dollars","Seasonally adjusted at annual rates","Footwear [C132]","Dollars","81","millions","6","v61988966","1.1.1.9","7688","","","","0"
"2020-10","Canada","2016A000011124","Chained (2012) dollars","Seasonally adjusted at annual rates","Footwear [C132]","Dollars","81","millions","6","v61988966","1.1.1.9","7320","","","","0"
"2021-01","Canada","2016A000011124","Chained (2012) dollars","Seasonally adjusted at annual rates","Footwear [C132]","Dollars","81","millions","6","v61988966","1.1.1.9","6816","","","","0"
"2021-04","Canada","2016A000011124","Chained (2012) dollars","Seasonally adjusted at annual rates","Footwear [C132]","Dollars","81","millions","6","v61988966","1.1.1.9","6604","","","","0"
"2021-07","Canada","2016A000011124","Chained (2012) dollars","Seasonally adjusted at annual rates","Footwear [C132]","Dollars","81","millions","6","v61988966","1.1.1.9","8604","","","","0"
"2020-01","Canada","2016A000011124","Chained (2012) dollars","Seasonally adjusted at annual rates","Housing, water, electricity, gas and other fuels [C14]","Dollars","81","millions","6","v61988967","1.1.1.10","288694","","","","0"
"2020-04","Canada","2016A000011124","Chained (2012) dollars","Seasonally adjusted at annual rates","Housing, water, electricity, gas and other fuels [C14]","Dollars","81","millions","6","v61988967","1.1.1.10","290686","","","","0"
"2020-07","Canada","2016A000011124","Chained (2012) dollars","Seasonally adjusted at annual rates","Housing, water, electricity, gas and other fuels [C14]","Dollars","81","millions","6","v61988967","1.1.1.10","292965","","","","0"
"2020-10","Canada","2016A000011124","Chained (2012) dollars","Seasonally adjusted at annual rates","Housing, water, electricity, gas and other fuels [C14]","Dollars","81","millions","6","v61988967","1.1.1.10","294745","","","","0"
"2021-01","Canada","2016A000011124","Chained (2012) dollars","Seasonally adjusted at annual rates","Housing, water, electricity, gas and other fuels [C14]","Dollars","81","millions","6","v61988967","1.1.1.10","297479","","","","0"
"2021-04","Canada","2016A000011124","Chained (2012) dollars","Seasonally adjusted at annual rates","Housing, water, electricity, gas and other fuels [C14]","Dollars","81","millions","6","v61988967","1.1.1.10","300079","","","","0"
"2021-07","Canada","2016A000011124","Chained (2012) dollars","Seasonally adjusted at annual rates","Housing, water, electricity, gas and other fuels [C14]","Dollars","81","millions","6","v61988967","1.1.1.10","302295","","","","0"
"2020-01","Canada","2016A000011124","Chained (2012) dollars","Seasonally adjusted at annual rates","Paid rental fees for housing [C141]","Dollars","81","millions","6","v61988968","1.1.1.11","63276","","","","0"
"2020-04","Canada","2016A000011124","Chained (2012) dollars","Seasonally adjusted at annual rates","Paid rental fees for housing [C141]","Dollars","81","millions","6","v61988968","1.1.1.11","63612","","","","0"
"2020-07","Canada","2016A000011124","Chained (2012) dollars","Seasonally adjusted at annual rates","Paid rental fees for housing [C141]","Dollars","81","millions","6","v61988968","1.1.1.11","64112","","","","0"
"2020-10","Canada","2016A000011124","Chained (2012) dollars","Seasonally adjusted at annual rates","Paid rental fees for housing [C141]","Dollars","81","millions","6","v61988968","1.1.1.11","64556","","","","0"
"2021-01","Canada","2016A000011124","Chained (2012) dollars","Seasonally adjusted at annual rates","Paid rental fees for housing [C141]","Dollars","81","millions","6","v61988968","1.1.1.11","65268","","","","0"
"2021-04","Canada","2016A000011124","Chained (2012) dollars","Seasonally adjusted at annual rates","Paid rental fees for housing [C141]","Dollars","81","millions","6","v61988968","1.1.1.11","65888","","","","0"
"2021-07","Canada","2016A000011124","Chained (2012) dollars","Seasonally adjusted at annual rates","Paid rental fees for housing [C141]","Dollars","81","millions","6","v61988968","1.1.1.11","66468","","","","0"
"2020-01","Canada","2016A000011124","Chained (2012) dollars","Seasonally adjusted at annual rates","Imputed rental fees for housing [C142]","Dollars","81","millions","6","v61988969","1.1.1.12","187140","","","","0"
"2020-04","Canada","2016A000011124","Chained (2012) dollars","Seasonally adjusted at annual rates","Imputed rental fees for housing [C142]","Dollars","81","millions","6","v61988969","1.1.1.12","188240","","","","0"
"2020-07","Canada","2016A000011124","Chained (2012) dollars","Seasonally adjusted at annual rates","Imputed rental fees for housing [C142]","Dollars","81","millions","6","v61988969","1.1.1.12","189492","","","","0"
"2020-10","Canada","2016A000011124","Chained (2012) dollars","Seasonally adjusted at annual rates","Imputed rental fees for housing [C142]","Dollars","81","millions","6","v61988969","1.1.1.12","190696","","","","0"
"2021-01","Canada","2016A000011124","Chained (2012) dollars","Seasonally adjusted at annual rates","Imputed rental fees for housing [C142]","Dollars","81","millions","6","v61988969","1.1.1.12","192220","","","","0"
"2021-04","Canada","2016A000011124","Chained (2012) dollars","Seasonally adjusted at annual rates","Imputed rental fees for housing [C142]","Dollars","81","millions","6","v61988969","1.1.1.12","193824","","","","0"
"2021-07","Canada","2016A000011124","Chained (2012) dollars","Seasonally adjusted at annual rates","Imputed rental fees for housing [C142]","Dollars","81","millions","6","v61988969","1.1.1.12","195176","","","","0"
"2020-01","Canada","2016A000011124","Chained (2012) dollars","Seasonally adjusted at annual rates","Maintenance and repair of the dwelling [C143]","Dollars","81","millions","6","v61988970","1.1.1.13","3449","","","","0"
"2020-04","Canada","2016A000011124","Chained (2012) dollars","Seasonally adjusted at annual rates","Maintenance and repair of the dwelling [C143]","Dollars","81","millions","6","v61988970","1.1.1.13","3494","","","","0"
"2020-07","Canada","2016A000011124","Chained (2012) dollars","Seasonally adjusted at annual rates","Maintenance and repair of the dwelling [C143]","Dollars","81","millions","6","v61988970","1.1.1.13","3885","","","","0"
"2020-10","Canada","2016A000011124","Chained (2012) dollars","Seasonally adjusted at annual rates","Maintenance and repair of the dwelling [C143]","Dollars","81","millions","6","v61988970","1.1.1.13","4073","","","","0"
"2021-01","Canada","2016A000011124","Chained (2012) dollars","Seasonally adjusted at annual rates","Maintenance and repair of the dwelling [C143]","Dollars","81","millions","6","v61988970","1.1.1.13","4411","","","","0"
"2021-04","Canada","2016A000011124","Chained (2012) dollars","Seasonally adjusted at annual rates","Maintenance and repair of the dwelling [C143]","Dollars","81","millions","6","v61988970","1.1.1.13","4007","","","","0"
"2021-07","Canada","2016A000011124","Chained (2012) dollars","Seasonally adjusted at annual rates","Maintenance and repair of the dwelling [C143]","Dollars","81","millions","6","v61988970","1.1.1.13","3793","","","","0"
"2020-01","Canada","2016A000011124","Chained (2012) dollars","Seasonally adjusted at annual rates","Water supply and sanitation services [C144]","Dollars","81","millions","6","v61988971","1.1.1.14","7040","","","","0"
"2020-04","Canada","2016A000011124","Chained (2012) dollars","Seasonally adjusted at annual rates","Water supply and sanitation services [C144]","Dollars","81","millions","6","v61988971","1.1.1.14","7152","","","","0"
"2020-07","Canada","2016A000011124","Chained (2012) dollars","Seasonally adjusted at annual rates","Water supply and sanitation services [C144]","Dollars","81","millions","6","v61988971","1.1.1.14","7204","","","","0"
"2020-10","Canada","2016A000011124","Chained (2012) dollars","Seasonally adjusted at annual rates","Water supply and sanitation services [C144]","Dollars","81","millions","6","v61988971","1.1.1.14","7268","","","","0"
"2021-01","Canada","2016A000011124","Chained (2012) dollars","Seasonally adjusted at annual rates","Water supply and sanitation services [C144]","Dollars","81","millions","6","v61988971","1.1.1.14","7304","","","","0"
"2021-04","Canada","2016A000011124","Chained (2012) dollars","Seasonally adjusted at annual rates","Water supply and sanitation services [C144]","Dollars","81","millions","6","v61988971","1.1.1.14","7396","","","","0"
"2021-07","Canada","2016A000011124","Chained (2012) dollars","Seasonally adjusted at annual rates","Water supply and sanitation services [C144]","Dollars","81","millions","6","v61988971","1.1.1.14","7448","","","","0"
"2020-01","Canada","2016A000011124","Chained (2012) dollars","Seasonally adjusted at annual rates","Electricity, gas and other fuels [C145]","Dollars","81","millions","6","v61988972","1.1.1.15","27972","","","","0"
"2020-04","Canada","2016A000011124","Chained (2012) dollars","Seasonally adjusted at annual rates","Electricity, gas and other fuels [C145]","Dollars","81","millions","6","v61988972","1.1.1.15","28369","","","","0"
"2020-07","Canada","2016A000011124","Chained (2012) dollars","Seasonally adjusted at annual rates","Electricity, gas and other fuels [C145]","Dollars","81","millions","6","v61988972","1.1.1.15","28436","","","","0"
"2020-10","Canada","2016A000011124","Chained (2012) dollars","Seasonally adjusted at annual rates","Electricity, gas and other fuels [C145]","Dollars","81","millions","6","v61988972","1.1.1.15","28296","","","","0"
"2021-01","Canada","2016A000011124","Chained (2012) dollars","Seasonally adjusted at annual rates","Electricity, gas and other fuels [C145]","Dollars","81","millions","6","v61988972","1.1.1.15","28412","","","","0"
"2021-04","Canada","2016A000011124","Chained (2012) dollars","Seasonally adjusted at annual rates","Electricity, gas and other fuels [C145]","Dollars","81","millions","6","v61988972","1.1.1.15","29123","","","","0"
"2021-07","Canada","2016A000011124","Chained (2012) dollars","Seasonally adjusted at annual rates","Electricity, gas and other fuels [C145]","Dollars","81","millions","6","v61988972","1.1.1.15","29581","","","","0"
"2020-01","Canada","2016A000011124","Chained (2012) dollars","Seasonally adjusted at annual rates","Furnishings, household equipment and other goods and services related to the dwelling and property [C15]","Dollars","81","millions","6","v61988973","1.1.1.16","65426","","","","0"
"2020-04","Canada","2016A000011124","Chained (2012) dollars","Seasonally adjusted at annual rates","Furnishings, household equipment and other goods and services related to the dwelling and property [C15]","Dollars","81","millions","6","v61988973","1.1.1.16","61936","","","","0"
"2020-07","Canada","2016A000011124","Chained (2012) dollars","Seasonally adjusted at annual rates","Furnishings, household equipment and other goods and services related to the dwelling and property [C15]","Dollars","81","millions","6","v61988973","1.1.1.16","71823","","","","0"
"2020-10","Canada","2016A000011124","Chained (2012) dollars","Seasonally adjusted at annual rates","Furnishings, household equipment and other goods and services related to the dwelling and property [C15]","Dollars","81","millions","6","v61988973","1.1.1.16","73083","","","","0"
"2021-01","Canada","2016A000011124","Chained (2012) dollars","Seasonally adjusted at annual rates","Furnishings, household equipment and other goods and services related to the dwelling and property [C15]","Dollars","81","millions","6","v61988973","1.1.1.16","75278","","","","0"
"2021-04","Canada","2016A000011124","Chained (2012) dollars","Seasonally adjusted at annual rates","Furnishings, household equipment and other goods and services related to the dwelling and property [C15]","Dollars","81","millions","6","v61988973","1.1.1.16","71794","","","","0"
"2021-07","Canada","2016A000011124","Chained (2012) dollars","Seasonally adjusted at annual rates","Furnishings, household equipment and other goods and services related to the dwelling and property [C15]","Dollars","81","millions","6","v61988973","1.1.1.16","72054","","","","0"
"2020-01","Canada","2016A000011124","Chained (2012) dollars","Seasonally adjusted at annual rates","Furniture, furnishings, carpets and other floor coverings [C151]","Dollars","81","millions","6","v61988974","1.1.1.17","19507","","","","0"
"2020-04","Canada","2016A000011124","Chained (2012) dollars","Seasonally adjusted at annual rates","Furniture, furnishings, carpets and other floor coverings [C151]","Dollars","81","millions","6","v61988974","1.1.1.17","19777","","","","0"
"2020-07","Canada","2016A000011124","Chained (2012) dollars","Seasonally adjusted at annual rates","Furniture, furnishings, carpets and other floor coverings [C151]","Dollars","81","millions","6","v61988974","1.1.1.17","23492","","","","0"
"2020-10","Canada","2016A000011124","Chained (2012) dollars","Seasonally adjusted at annual rates","Furniture, furnishings, carpets and other floor coverings [C151]","Dollars","81","millions","6","v61988974","1.1.1.17","23865","","","","0"
"2021-01","Canada","2016A000011124","Chained (2012) dollars","Seasonally adjusted at annual rates","Furniture, furnishings, carpets and other floor coverings [C151]","Dollars","81","millions","6","v61988974","1.1.1.17","23747","","","","0"
"2021-04","Canada","2016A000011124","Chained (2012) dollars","Seasonally adjusted at annual rates","Furniture, furnishings, carpets and other floor coverings [C151]","Dollars","81","millions","6","v61988974","1.1.1.17","23885","","","","0"
"2021-07","Canada","2016A000011124","Chained (2012) dollars","Seasonally adjusted at annual rates","Furniture, furnishings, carpets and other floor coverings [C151]","Dollars","81","millions","6","v61988974","1.1.1.17","23123","","","","0"
"2020-01","Canada","2016A000011124","Chained (2012) dollars","Seasonally adjusted at annual rates","Household textiles [C152]","Dollars","81","millions","6","v61988975","1.1.1.18","3260","","","","0"
"2020-04","Canada","2016A000011124","Chained (2012) dollars","Seasonally adjusted at annual rates","Household textiles [C152]","Dollars","81","millions","6","v61988975","1.1.1.18","2972","","","","0"
"2020-07","Canada","2016A000011124","Chained (2012) dollars","Seasonally adjusted at annual rates","Household textiles [C152]","Dollars","81","millions","6","v61988975","1.1.1.18","3824","","","","0"
"2020-10","Canada","2016A000011124","Chained (2012) dollars","Seasonally adjusted at annual rates","Household textiles [C152]","Dollars","81","millions","6","v61988975","1.1.1.18","3780","","","","0"
"2021-01","Canada","2016A000011124","Chained (2012) dollars","Seasonally adjusted at annual rates","Household textiles [C152]","Dollars","81","millions","6","v61988975","1.1.1.18","4024","","","","0"
"2021-04","Canada","2016A000011124","Chained (2012) dollars","Seasonally adjusted at annual rates","Household textiles [C152]","Dollars","81","millions","6","v61988975","1.1.1.18","3476","","","","0"
"2021-07","Canada","2016A000011124","Chained (2012) dollars","Seasonally adjusted at annual rates","Household textiles [C152]","Dollars","81","millions","6","v61988975","1.1.1.18","3748","","","","0"
"2020-01","Canada","2016A000011124","Chained (2012) dollars","Seasonally adjusted at annual rates","Household appliances [C153]","Dollars","81","millions","6","v61988976","1.1.1.19","9938","","","","0"
"2020-04","Canada","2016A000011124","Chained (2012) dollars","Seasonally adjusted at annual rates","Household appliances [C153]","Dollars","81","millions","6","v61988976","1.1.1.19","10747","","","","0"
"2020-07","Canada","2016A000011124","Chained (2012) dollars","Seasonally adjusted at annual rates","Household appliances [C153]","Dollars","81","millions","6","v61988976","1.1.1.19","12198","","","","0"
"2020-10","Canada","2016A000011124","Chained (2012) dollars","Seasonally adjusted at annual rates","Household appliances [C153]","Dollars","81","millions","6","v61988976","1.1.1.19","12826","","","","0"
"2021-01","Canada","2016A000011124","Chained (2012) dollars","Seasonally adjusted at annual rates","Household appliances [C153]","Dollars","81","millions","6","v61988976","1.1.1.19","13118","","","","0"
"2021-04","Canada","2016A000011124","Chained (2012) dollars","Seasonally adjusted at annual rates","Household appliances [C153]","Dollars","81","millions","6","v61988976","1.1.1.19","12285","","","","0"
"2021-07","Canada","2016A000011124","Chained (2012) dollars","Seasonally adjusted at annual rates","Household appliances [C153]","Dollars","81","millions","6","v61988976","1.1.1.19","11896","","","","0"
"2020-01","Canada","2016A000011124","Chained (2012) dollars","Seasonally adjusted at annual rates","Tools and equipment for house and garden [C154]","Dollars","81","millions","6","v61988977","1.1.1.20","6101","","","","0"
"2020-04","Canada","2016A000011124","Chained (2012) dollars","Seasonally adjusted at annual rates","Tools and equipment for house and garden [C154]","Dollars","81","millions","6","v61988977","1.1.1.20","6831","","","","0"
"2020-07","Canada","2016A000011124","Chained (2012) dollars","Seasonally adjusted at annual rates","Tools and equipment for house and garden [C154]","Dollars","81","millions","6","v61988977","1.1.1.20","7732","","","","0"
"2020-10","Canada","2016A000011124","Chained (2012) dollars","Seasonally adjusted at annual rates","Tools and equipment for house and garden [C154]","Dollars","81","millions","6","v61988977","1.1.1.20","7768","","","","0"
"2021-01","Canada","2016A000011124","Chained (2012) dollars","Seasonally adjusted at annual rates","Tools and equipment for house and garden [C154]","Dollars","81","millions","6","v61988977","1.1.1.20","8757","","","","0"
"2021-04","Canada","2016A000011124","Chained (2012) dollars","Seasonally adjusted at annual rates","Tools and equipment for house and garden [C154]","Dollars","81","millions","6","v61988977","1.1.1.20","7348","","","","0"
"2021-07","Canada","2016A000011124","Chained (2012) dollars","Seasonally adjusted at annual rates","Tools and equipment for house and garden [C154]","Dollars","81","millions","6","v61988977","1.1.1.20","7457","","","","0"
"2020-01","Canada","2016A000011124","Chained (2012) dollars","Seasonally adjusted at annual rates","Other goods and services related to the dwelling and property [C155]","Dollars","81","millions","6","v61988978","1.1.1.21","26671","","","","0"
"2020-04","Canada","2016A000011124","Chained (2012) dollars","Seasonally adjusted at annual rates","Other goods and services related to the dwelling and property [C155]","Dollars","81","millions","6","v61988978","1.1.1.21","21955","","","","0"
"2020-07","Canada","2016A000011124","Chained (2012) dollars","Seasonally adjusted at annual rates","Other goods and services related to the dwelling and property [C155]","Dollars","81","millions","6","v61988978","1.1.1.21","25013","","","","0"
"2020-10","Canada","2016A000011124","Chained (2012) dollars","Seasonally adjusted at annual rates","Other goods and services related to the dwelling and property [C155]","Dollars","81","millions","6","v61988978","1.1.1.21","25316","","","","0"
"2021-01","Canada","2016A000011124","Chained (2012) dollars","Seasonally adjusted at annual rates","Other goods and services related to the dwelling and property [C155]","Dollars","81","millions","6","v61988978","1.1.1.21","26070","","","","0"
"2021-04","Canada","2016A000011124","Chained (2012) dollars","Seasonally adjusted at annual rates","Other goods and services related to the dwelling and property [C155]","Dollars","81","millions","6","v61988978","1.1.1.21","25249","","","","0"
"2021-07","Canada","2016A000011124","Chained (2012) dollars","Seasonally adjusted at annual rates","Other goods and services related to the dwelling and property [C155]","Dollars","81","millions","6","v61988978","1.1.1.21","26205","","","","0"
"2020-01","Canada","2016A000011124","Chained (2012) dollars","Seasonally adjusted at annual rates","Health [C16]","Dollars","81","millions","6","v61988979","1.1.1.22","49083","","","","0"
"2020-04","Canada","2016A000011124","Chained (2012) dollars","Seasonally adjusted at annual rates","Health [C16]","Dollars","81","millions","6","v61988979","1.1.1.22","38301","","","","0"
"2020-07","Canada","2016A000011124","Chained (2012) dollars","Seasonally adjusted at annual rates","Health [C16]","Dollars","81","millions","6","v61988979","1.1.1.22","46147","","","","0"
"2020-10","Canada","2016A000011124","Chained (2012) dollars","Seasonally adjusted at annual rates","Health [C16]","Dollars","81","millions","6","v61988979","1.1.1.22","48984","","","","0"
"2021-01","Canada","2016A000011124","Chained (2012) dollars","Seasonally adjusted at annual rates","Health [C16]","Dollars","81","millions","6","v61988979","1.1.1.22","49217","","","","0"
"2021-04","Canada","2016A000011124","Chained (2012) dollars","Seasonally adjusted at annual rates","Health [C16]","Dollars","81","millions","6","v61988979","1.1.1.22","48995","","","","0"
"2021-07","Canada","2016A000011124","Chained (2012) dollars","Seasonally adjusted at annual rates","Health [C16]","Dollars","81","millions","6","v61988979","1.1.1.22","49760","","","","0"
"2020-01","Canada","2016A000011124","Chained (2012) dollars","Seasonally adjusted at annual rates","Medical products, appliances and equipment [C161]","Dollars","81","millions","6","v61988980","1.1.1.23","28150","","","","0"
"2020-04","Canada","2016A000011124","Chained (2012) dollars","Seasonally adjusted at annual rates","Medical products, appliances and equipment [C161]","Dollars","81","millions","6","v61988980","1.1.1.23","25377","","","","0"
"2020-07","Canada","2016A000011124","Chained (2012) dollars","Seasonally adjusted at annual rates","Medical products, appliances and equipment [C161]","Dollars","81","millions","6","v61988980","1.1.1.23","28729","","","","0"
"2020-10","Canada","2016A000011124","Chained (2012) dollars","Seasonally adjusted at annual rates","Medical products, appliances and equipment [C161]","Dollars","81","millions","6","v61988980","1.1.1.23","30452","","","","0"
"2021-01","Canada","2016A000011124","Chained (2012) dollars","Seasonally adjusted at annual rates","Medical products, appliances and equipment [C161]","Dollars","81","millions","6","v61988980","1.1.1.23","29891","","","","0"
"2021-04","Canada","2016A000011124","Chained (2012) dollars","Seasonally adjusted at annual rates","Medical products, appliances and equipment [C161]","Dollars","81","millions","6","v61988980","1.1.1.23","28844","","","","0"
"2021-07","Canada","2016A000011124","Chained (2012) dollars","Seasonally adjusted at annual rates","Medical products, appliances and equipment [C161]","Dollars","81","millions","6","v61988980","1.1.1.23","29368","","","","0"
"2020-01","Canada","2016A000011124","Chained (2012) dollars","Seasonally adjusted at annual rates","Out-patient services [C162]","Dollars","81","millions","6","v61988981","1.1.1.24","18600","","","","0"
"2020-04","Canada","2016A000011124","Chained (2012) dollars","Seasonally adjusted at annual rates","Out-patient services [C162]","Dollars","81","millions","6","v61988981","1.1.1.24","11876","","","","0"
"2020-07","Canada","2016A000011124","Chained (2012) dollars","Seasonally adjusted at annual rates","Out-patient services [C162]","Dollars","81","millions","6","v61988981","1.1.1.24","16012","","","","0"
"2020-10","Canada","2016A000011124","Chained (2012) dollars","Seasonally adjusted at annual rates","Out-patient services [C162]","Dollars","81","millions","6","v61988981","1.1.1.24","17144","","","","0"
"2021-01","Canada","2016A000011124","Chained (2012) dollars","Seasonally adjusted at annual rates","Out-patient services [C162]","Dollars","81","millions","6","v61988981","1.1.1.24","17772","","","","0"
"2021-04","Canada","2016A000011124","Chained (2012) dollars","Seasonally adjusted at annual rates","Out-patient services [C162]","Dollars","81","millions","6","v61988981","1.1.1.24","18368","","","","0"
"2021-07","Canada","2016A000011124","Chained (2012) dollars","Seasonally adjusted at annual rates","Out-patient services [C162]","Dollars","81","millions","6","v61988981","1.1.1.24","18624","","","","0"
"2020-01","Canada","2016A000011124","Chained (2012) dollars","Seasonally adjusted at annual rates","Hospital services [C163]","Dollars","81","millions","6","v61988982","1.1.1.25","2736","","","","0"
"2020-04","Canada","2016A000011124","Chained (2012) dollars","Seasonally adjusted at annual rates","Hospital services [C163]","Dollars","81","millions","6","v61988982","1.1.1.25","1956","","","","0"
"2020-07","Canada","2016A000011124","Chained (2012) dollars","Seasonally adjusted at annual rates","Hospital services [C163]","Dollars","81","millions","6","v61988982","1.1.1.25","2164","","","","0"
"2020-10","Canada","2016A000011124","Chained (2012) dollars","Seasonally adjusted at annual rates","Hospital services [C163]","Dollars","81","millions","6","v61988982","1.1.1.25","2184","","","","0"
"2021-01","Canada","2016A000011124","Chained (2012) dollars","Seasonally adjusted at annual rates","Hospital services [C163]","Dollars","81","millions","6","v61988982","1.1.1.25","2212","","","","0"
"2021-04","Canada","2016A000011124","Chained (2012) dollars","Seasonally adjusted at annual rates","Hospital services [C163]","Dollars","81","millions","6","v61988982","1.1.1.25","2248","","","","0"
"2021-07","Canada","2016A000011124","Chained (2012) dollars","Seasonally adjusted at annual rates","Hospital services [C163]","Dollars","81","millions","6","v61988982","1.1.1.25","2256","","","","0"
"2020-01","Canada","2016A000011124","Chained (2012) dollars","Seasonally adjusted at annual rates","Transport [C17]","Dollars","81","millions","6","v61988983","1.1.1.26","161218","","","","0"
"2020-04","Canada","2016A000011124","Chained (2012) dollars","Seasonally adjusted at annual rates","Transport [C17]","Dollars","81","millions","6","v61988983","1.1.1.26","110696","","","","0"
"2020-07","Canada","2016A000011124","Chained (2012) dollars","Seasonally adjusted at annual rates","Transport [C17]","Dollars","81","millions","6","v61988983","1.1.1.26","155427","","","","0"
"2020-10","Canada","2016A000011124","Chained (2012) dollars","Seasonally adjusted at annual rates","Transport [C17]","Dollars","81","millions","6","v61988983","1.1.1.26","153656","","","","0"
"2021-01","Canada","2016A000011124","Chained (2012) dollars","Seasonally adjusted at annual rates","Transport [C17]","Dollars","81","millions","6","v61988983","1.1.1.26","150733","","","","0"
"2021-04","Canada","2016A000011124","Chained (2012) dollars","Seasonally adjusted at annual rates","Transport [C17]","Dollars","81","millions","6","v61988983","1.1.1.26","151005","","","","0"
"2021-07","Canada","2016A000011124","Chained (2012) dollars","Seasonally adjusted at annual rates","Transport [C17]","Dollars","81","millions","6","v61988983","1.1.1.26","155665","","","","0"
"2020-01","Canada","2016A000011124","Chained (2012) dollars","Seasonally adjusted at annual rates","Purchase of vehicles [C171]","Dollars","81","millions","6","v61988984","1.1.1.27","61239","","","","0"
"2020-04","Canada","2016A000011124","Chained (2012) dollars","Seasonally adjusted at annual rates","Purchase of vehicles [C171]","Dollars","81","millions","6","v61988984","1.1.1.27","46793","","","","0"
"2020-07","Canada","2016A000011124","Chained (2012) dollars","Seasonally adjusted at annual rates","Purchase of vehicles [C171]","Dollars","81","millions","6","v61988984","1.1.1.27","72314","","","","0"
"2020-10","Canada","2016A000011124","Chained (2012) dollars","Seasonally adjusted at annual rates","Purchase of vehicles [C171]","Dollars","81","millions","6","v61988984","1.1.1.27","70877","","","","0"
"2021-01","Canada","2016A000011124","Chained (2012) dollars","Seasonally adjusted at annual rates","Purchase of vehicles [C171]","Dollars","81","millions","6","v61988984","1.1.1.27","70512","","","","0"
"2021-04","Canada","2016A000011124","Chained (2012) dollars","Seasonally adjusted at annual rates","Purchase of vehicles [C171]","Dollars","81","millions","6","v61988984","1.1.1.27","67829","","","","0"
"2021-07","Canada","2016A000011124","Chained (2012) dollars","Seasonally adjusted at annual rates","Purchase of vehicles [C171]","Dollars","81","millions","6","v61988984","1.1.1.27","66395","","","","0"
"2020-01","Canada","2016A000011124","Chained (2012) dollars","Seasonally adjusted at annual rates","Operation of transport equipment [C172]","Dollars","81","millions","6","v61988985","1.1.1.28","78218","","","","0"
"2020-04","Canada","2016A000011124","Chained (2012) dollars","Seasonally adjusted at annual rates","Operation of transport equipment [C172]","Dollars","81","millions","6","v61988985","1.1.1.28","60598","","","","0"
"2020-07","Canada","2016A000011124","Chained (2012) dollars","Seasonally adjusted at annual rates","Operation of transport equipment [C172]","Dollars","81","millions","6","v61988985","1.1.1.28","75833","","","","0"
"2020-10","Canada","2016A000011124","Chained (2012) dollars","Seasonally adjusted at annual rates","Operation of transport equipment [C172]","Dollars","81","millions","6","v61988985","1.1.1.28","74906","","","","0"
"2021-01","Canada","2016A000011124","Chained (2012) dollars","Seasonally adjusted at annual rates","Operation of transport equipment [C172]","Dollars","81","millions","6","v61988985","1.1.1.28","72694","","","","0"
"2021-04","Canada","2016A000011124","Chained (2012) dollars","Seasonally adjusted at annual rates","Operation of transport equipment [C172]","Dollars","81","millions","6","v61988985","1.1.1.28","75862","","","","0"
"2021-07","Canada","2016A000011124","Chained (2012) dollars","Seasonally adjusted at annual rates","Operation of transport equipment [C172]","Dollars","81","millions","6","v61988985","1.1.1.28","79395","","","","0"
"2020-01","Canada","2016A000011124","Chained (2012) dollars","Seasonally adjusted at annual rates","Transport services [C173]","Dollars","81","millions","6","v61988986","1.1.1.29","22303","","","","0"
"2020-04","Canada","2016A000011124","Chained (2012) dollars","Seasonally adjusted at annual rates","Transport services [C173]","Dollars","81","millions","6","v61988986","1.1.1.29","4596","","","","0"
"2020-07","Canada","2016A000011124","Chained (2012) dollars","Seasonally adjusted at annual rates","Transport services [C173]","Dollars","81","millions","6","v61988986","1.1.1.29","6998","","","","0"
"2020-10","Canada","2016A000011124","Chained (2012) dollars","Seasonally adjusted at annual rates","Transport services [C173]","Dollars","81","millions","6","v61988986","1.1.1.29","7632","","","","0"
"2021-01","Canada","2016A000011124","Chained (2012) dollars","Seasonally adjusted at annual rates","Transport services [C173]","Dollars","81","millions","6","v61988986","1.1.1.29","7130","","","","0"
"2021-04","Canada","2016A000011124","Chained (2012) dollars","Seasonally adjusted at annual rates","Transport services [C173]","Dollars","81","millions","6","v61988986","1.1.1.29","7411","","","","0"
"2021-07","Canada","2016A000011124","Chained (2012) dollars","Seasonally adjusted at annual rates","Transport services [C173]","Dollars","81","millions","6","v61988986","1.1.1.29","10394","","","","0"
"2020-01","Canada","2016A000011124","Chained (2012) dollars","Seasonally adjusted at annual rates","Communications [C18]","Dollars","81","millions","6","v61988987","1.1.1.30","34644","","","","0"
"2020-04","Canada","2016A000011124","Chained (2012) dollars","Seasonally adjusted at annual rates","Communications [C18]","Dollars","81","millions","6","v61988987","1.1.1.30","34952","","","","0"
"2020-07","Canada","2016A000011124","Chained (2012) dollars","Seasonally adjusted at annual rates","Communications [C18]","Dollars","81","millions","6","v61988987","1.1.1.30","35639","","","","0"
"2020-10","Canada","2016A000011124","Chained (2012) dollars","Seasonally adjusted at annual rates","Communications [C18]","Dollars","81","millions","6","v61988987","1.1.1.30","35950","","","","0"
"2021-01","Canada","2016A000011124","Chained (2012) dollars","Seasonally adjusted at annual rates","Communications [C18]","Dollars","81","millions","6","v61988987","1.1.1.30","36394","","","","0"
"2021-04","Canada","2016A000011124","Chained (2012) dollars","Seasonally adjusted at annual rates","Communications [C18]","Dollars","81","millions","6","v61988987","1.1.1.30","36735","","","","0"
"2021-07","Canada","2016A000011124","Chained (2012) dollars","Seasonally adjusted at annual rates","Communications [C18]","Dollars","81","millions","6","v61988987","1.1.1.30","36896","","","","0"
"2020-01","Canada","2016A000011124","Chained (2012) dollars","Seasonally adjusted at annual rates","Communications [C181]","Dollars","81","millions","6","v61988988","1.1.1.31","34644","","","","0"
"2020-04","Canada","2016A000011124","Chained (2012) dollars","Seasonally adjusted at annual rates","Communications [C181]","Dollars","81","millions","6","v61988988","1.1.1.31","34952","","","","0"
"2020-07","Canada","2016A000011124","Chained (2012) dollars","Seasonally adjusted at annual rates","Communications [C181]","Dollars","81","millions","6","v61988988","1.1.1.31","35639","","","","0"
"2020-10","Canada","2016A000011124","Chained (2012) dollars","Seasonally adjusted at annual rates","Communications [C181]","Dollars","81","millions","6","v61988988","1.1.1.31","35950","","","","0"
"2021-01","Canada","2016A000011124","Chained (2012) dollars","Seasonally adjusted at annual rates","Communications [C181]","Dollars","81","millions","6","v61988988","1.1.1.31","36394","","","","0"
"2021-04","Canada","2016A000011124","Chained (2012) dollars","Seasonally adjusted at annual rates","Communications [C181]","Dollars","81","millions","6","v61988988","1.1.1.31","36735","","","","0"
"2021-07","Canada","2016A000011124","Chained (2012) dollars","Seasonally adjusted at annual rates","Communications [C181]","Dollars","81","millions","6","v61988988","1.1.1.31","36896","","","","0"
"2020-01","Canada","2016A000011124","Chained (2012) dollars","Seasonally adjusted at annual rates","Recreation and culture [C19]","Dollars","81","millions","6","v61988989","1.1.1.32","92578","","","","0"
"2020-04","Canada","2016A000011124","Chained (2012) dollars","Seasonally adjusted at annual rates","Recreation and culture [C19]","Dollars","81","millions","6","v61988989","1.1.1.32","77826","","","","0"
"2020-07","Canada","2016A000011124","Chained (2012) dollars","Seasonally adjusted at annual rates","Recreation and culture [C19]","Dollars","81","millions","6","v61988989","1.1.1.32","92083","","","","0"
"2020-10","Canada","2016A000011124","Chained (2012) dollars","Seasonally adjusted at annual rates","Recreation and culture [C19]","Dollars","81","millions","6","v61988989","1.1.1.32","92862","","","","0"
"2021-01","Canada","2016A000011124","Chained (2012) dollars","Seasonally adjusted at annual rates","Recreation and culture [C19]","Dollars","81","millions","6","v61988989","1.1.1.32","94700","","","","0"
"2021-04","Canada","2016A000011124","Chained (2012) dollars","Seasonally adjusted at annual rates","Recreation and culture [C19]","Dollars","81","millions","6","v61988989","1.1.1.32","93399","","","","0"
"2021-07","Canada","2016A000011124","Chained (2012) dollars","Seasonally adjusted at annual rates","Recreation and culture [C19]","Dollars","81","millions","6","v61988989","1.1.1.32","98541","","","","0"
"2020-01","Canada","2016A000011124","Chained (2012) dollars","Seasonally adjusted at annual rates","Audio-visual, photographic and information processing equipment [C191]","Dollars","81","millions","6","v61988990","1.1.1.33","19434","","","","0"
"2020-04","Canada","2016A000011124","Chained (2012) dollars","Seasonally adjusted at annual rates","Audio-visual, photographic and information processing equipment [C191]","Dollars","81","millions","6","v61988990","1.1.1.33","21241","","","","0"
"2020-07","Canada","2016A000011124","Chained (2012) dollars","Seasonally adjusted at annual rates","Audio-visual, photographic and information processing equipment [C191]","Dollars","81","millions","6","v61988990","1.1.1.33","22662","","","","0"
"2020-10","Canada","2016A000011124","Chained (2012) dollars","Seasonally adjusted at annual rates","Audio-visual, photographic and information processing equipment [C191]","Dollars","81","millions","6","v61988990","1.1.1.33","22265","","","","0"
"2021-01","Canada","2016A000011124","Chained (2012) dollars","Seasonally adjusted at annual rates","Audio-visual, photographic and information processing equipment [C191]","Dollars","81","millions","6","v61988990","1.1.1.33","23303","","","","0"
"2021-04","Canada","2016A000011124","Chained (2012) dollars","Seasonally adjusted at annual rates","Audio-visual, photographic and information processing equipment [C191]","Dollars","81","millions","6","v61988990","1.1.1.33","22564","","","","0"
"2021-07","Canada","2016A000011124","Chained (2012) dollars","Seasonally adjusted at annual rates","Audio-visual, photographic and information processing equipment [C191]","Dollars","81","millions","6","v61988990","1.1.1.33","22150","","","","0"
"2020-01","Canada","2016A000011124","Chained (2012) dollars","Seasonally adjusted at annual rates","Other major durables for recreation and culture [C192]","Dollars","81","millions","6","v61988991","1.1.1.34","7015","","","","0"
"2020-04","Canada","2016A000011124","Chained (2012) dollars","Seasonally adjusted at annual rates","Other major durables for recreation and culture [C192]","Dollars","81","millions","6","v61988991","1.1.1.34","7260","","","","0"
"2020-07","Canada","2016A000011124","Chained (2012) dollars","Seasonally adjusted at annual rates","Other major durables for recreation and culture [C192]","Dollars","81","millions","6","v61988991","1.1.1.34","9673","","","","0"
"2020-10","Canada","2016A000011124","Chained (2012) dollars","Seasonally adjusted at annual rates","Other major durables for recreation and culture [C192]","Dollars","81","millions","6","v61988991","1.1.1.34","9650","","","","0"
"2021-01","Canada","2016A000011124","Chained (2012) dollars","Seasonally adjusted at annual rates","Other major durables for recreation and culture [C192]","Dollars","81","millions","6","v61988991","1.1.1.34","9903","","","","0"
"2021-04","Canada","2016A000011124","Chained (2012) dollars","Seasonally adjusted at annual rates","Other major durables for recreation and culture [C192]","Dollars","81","millions","6","v61988991","1.1.1.34","9680","","","","0"
"2021-07","Canada","2016A000011124","Chained (2012) dollars","Seasonally adjusted at annual rates","Other major durables for recreation and culture [C192]","Dollars","81","millions","6","v61988991","1.1.1.34","8921","","","","0"
"2020-01","Canada","2016A000011124","Chained (2012) dollars","Seasonally adjusted at annual rates","Other recreational items and equipment, garden products and pets [C193]","Dollars","81","millions","6","v61988992","1.1.1.35","26150","","","","0"
"2020-04","Canada","2016A000011124","Chained (2012) dollars","Seasonally adjusted at annual rates","Other recreational items and equipment, garden products and pets [C193]","Dollars","81","millions","6","v61988992","1.1.1.35","27006","","","","0"
"2020-07","Canada","2016A000011124","Chained (2012) dollars","Seasonally adjusted at annual rates","Other recreational items and equipment, garden products and pets [C193]","Dollars","81","millions","6","v61988992","1.1.1.35","30326","","","","0"
"2020-10","Canada","2016A000011124","Chained (2012) dollars","Seasonally adjusted at annual rates","Other recreational items and equipment, garden products and pets [C193]","Dollars","81","millions","6","v61988992","1.1.1.35","31548","","","","0"
"2021-01","Canada","2016A000011124","Chained (2012) dollars","Seasonally adjusted at annual rates","Other recreational items and equipment, garden products and pets [C193]","Dollars","81","millions","6","v61988992","1.1.1.35","34583","","","","0"
"2021-04","Canada","2016A000011124","Chained (2012) dollars","Seasonally adjusted at annual rates","Other recreational items and equipment, garden products and pets [C193]","Dollars","81","millions","6","v61988992","1.1.1.35","33110","","","","0"
"2021-07","Canada","2016A000011124","Chained (2012) dollars","Seasonally adjusted at annual rates","Other recreational items and equipment, garden products and pets [C193]","Dollars","81","millions","6","v61988992","1.1.1.35","32093","","","","0"
"2020-01","Canada","2016A000011124","Chained (2012) dollars","Seasonally adjusted at annual rates","Recreational and cultural services [C194]","Dollars","81","millions","6","v61988993","1.1.1.36","35811","","","","0"
"2020-04","Canada","2016A000011124","Chained (2012) dollars","Seasonally adjusted at annual rates","Recreational and cultural services [C194]","Dollars","81","millions","6","v61988993","1.1.1.36","20574","","","","0"
"2020-07","Canada","2016A000011124","Chained (2012) dollars","Seasonally adjusted at annual rates","Recreational and cultural services [C194]","Dollars","81","millions","6","v61988993","1.1.1.36","26616","","","","0"
"2020-10","Canada","2016A000011124","Chained (2012) dollars","Seasonally adjusted at annual rates","Recreational and cultural services [C194]","Dollars","81","millions","6","v61988993","1.1.1.36","26607","","","","0"
"2021-01","Canada","2016A000011124","Chained (2012) dollars","Seasonally adjusted at annual rates","Recreational and cultural services [C194]","Dollars","81","millions","6","v61988993","1.1.1.36","24464","","","","0"
"2021-04","Canada","2016A000011124","Chained (2012) dollars","Seasonally adjusted at annual rates","Recreational and cultural services [C194]","Dollars","81","millions","6","v61988993","1.1.1.36","25860","","","","0"
"2021-07","Canada","2016A000011124","Chained (2012) dollars","Seasonally adjusted at annual rates","Recreational and cultural services [C194]","Dollars","81","millions","6","v61988993","1.1.1.36","32619","","","","0"
"2020-01","Canada","2016A000011124","Chained (2012) dollars","Seasonally adjusted at annual rates","Newspapers, books and stationery [C195]","Dollars","81","millions","6","v61988994","1.1.1.37","5683","","","","0"
"2020-04","Canada","2016A000011124","Chained (2012) dollars","Seasonally adjusted at annual rates","Newspapers, books and stationery [C195]","Dollars","81","millions","6","v61988994","1.1.1.37","5183","","","","0"
"2020-07","Canada","2016A000011124","Chained (2012) dollars","Seasonally adjusted at annual rates","Newspapers, books and stationery [C195]","Dollars","81","millions","6","v61988994","1.1.1.37","5813","","","","0"
"2020-10","Canada","2016A000011124","Chained (2012) dollars","Seasonally adjusted at annual rates","Newspapers, books and stationery [C195]","Dollars","81","millions","6","v61988994","1.1.1.37","5691","","","","0"
"2021-01","Canada","2016A000011124","Chained (2012) dollars","Seasonally adjusted at annual rates","Newspapers, books and stationery [C195]","Dollars","81","millions","6","v61988994","1.1.1.37","5841","","","","0"
"2021-04","Canada","2016A000011124","Chained (2012) dollars","Seasonally adjusted at annual rates","Newspapers, books and stationery [C195]","Dollars","81","millions","6","v61988994","1.1.1.37","5296","","","","0"
"2021-07","Canada","2016A000011124","Chained (2012) dollars","Seasonally adjusted at annual rates","Newspapers, books and stationery [C195]","Dollars","81","millions","6","v61988994","1.1.1.37","5145","","","","0"
"2020-01","Canada","2016A000011124","Chained (2012) dollars","Seasonally adjusted at annual rates","Education [C21]","Dollars","81","millions","6","v61988995","1.1.1.38","19505","","","","0"
"2020-04","Canada","2016A000011124","Chained (2012) dollars","Seasonally adjusted at annual rates","Education [C21]","Dollars","81","millions","6","v61988995","1.1.1.38","18562","","","","0"
"2020-07","Canada","2016A000011124","Chained (2012) dollars","Seasonally adjusted at annual rates","Education [C21]","Dollars","81","millions","6","v61988995","1.1.1.38","18636","","","","0"
"2020-10","Canada","2016A000011124","Chained (2012) dollars","Seasonally adjusted at annual rates","Education [C21]","Dollars","81","millions","6","v61988995","1.1.1.38","18119","","","","0"
"2021-01","Canada","2016A000011124","Chained (2012) dollars","Seasonally adjusted at annual rates","Education [C21]","Dollars","81","millions","6","v61988995","1.1.1.38","18000","","","","0"
"2021-04","Canada","2016A000011124","Chained (2012) dollars","Seasonally adjusted at annual rates","Education [C21]","Dollars","81","millions","6","v61988995","1.1.1.38","18240","","","","0"
"2021-07","Canada","2016A000011124","Chained (2012) dollars","Seasonally adjusted at annual rates","Education [C21]","Dollars","81","millions","6","v61988995","1.1.1.38","18532","","","","0"
"2020-01","Canada","2016A000011124","Chained (2012) dollars","Seasonally adjusted at annual rates","Education [C211]","Dollars","81","millions","6","v61988996","1.1.1.39","19505","","","","0"
"2020-04","Canada","2016A000011124","Chained (2012) dollars","Seasonally adjusted at annual rates","Education [C211]","Dollars","81","millions","6","v61988996","1.1.1.39","18562","","","","0"
"2020-07","Canada","2016A000011124","Chained (2012) dollars","Seasonally adjusted at annual rates","Education [C211]","Dollars","81","millions","6","v61988996","1.1.1.39","18636","","","","0"
"2020-10","Canada","2016A000011124","Chained (2012) dollars","Seasonally adjusted at annual rates","Education [C211]","Dollars","81","millions","6","v61988996","1.1.1.39","18119","","","","0"
"2021-01","Canada","2016A000011124","Chained (2012) dollars","Seasonally adjusted at annual rates","Education [C211]","Dollars","81","millions","6","v61988996","1.1.1.39","18000","","","","0"
"2021-04","Canada","2016A000011124","Chained (2012) dollars","Seasonally adjusted at annual rates","Education [C211]","Dollars","81","millions","6","v61988996","1.1.1.39","18240","","","","0"
"2021-07","Canada","2016A000011124","Chained (2012) dollars","Seasonally adjusted at annual rates","Education [C211]","Dollars","81","millions","6","v61988996","1.1.1.39","18532","","","","0"
"2020-01","Canada","2016A000011124","Chained (2012) dollars","Seasonally adjusted at annual rates","Food, beverage and accommodation services [C22]","Dollars","81","millions","6","v61988997","1.1.1.40","68952","","","","0"
"2020-04","Canada","2016A000011124","Chained (2012) dollars","Seasonally adjusted at annual rates","Food, beverage and accommodation services [C22]","Dollars","81","millions","6","v61988997","1.1.1.40","38508","","","","0"
"2020-07","Canada","2016A000011124","Chained (2012) dollars","Seasonally adjusted at annual rates","Food, beverage and accommodation services [C22]","Dollars","81","millions","6","v61988997","1.1.1.40","59341","","","","0"
"2020-10","Canada","2016A000011124","Chained (2012) dollars","Seasonally adjusted at annual rates","Food, beverage and accommodation services [C22]","Dollars","81","millions","6","v61988997","1.1.1.40","52816","","","","0"
"2021-01","Canada","2016A000011124","Chained (2012) dollars","Seasonally adjusted at annual rates","Food, beverage and accommodation services [C22]","Dollars","81","millions","6","v61988997","1.1.1.40","53262","","","","0"
"2021-04","Canada","2016A000011124","Chained (2012) dollars","Seasonally adjusted at annual rates","Food, beverage and accommodation services [C22]","Dollars","81","millions","6","v61988997","1.1.1.40","55468","","","","0"
"2021-07","Canada","2016A000011124","Chained (2012) dollars","Seasonally adjusted at annual rates","Food, beverage and accommodation services [C22]","Dollars","81","millions","6","v61988997","1.1.1.40","71551","","","","0"
"2020-01","Canada","2016A000011124","Chained (2012) dollars","Seasonally adjusted at annual rates","Food and beverage services [C221]","Dollars","81","millions","6","v61988998","1.1.1.41","58106","","","","0"
"2020-04","Canada","2016A000011124","Chained (2012) dollars","Seasonally adjusted at annual rates","Food and beverage services [C221]","Dollars","81","millions","6","v61988998","1.1.1.41","33730","","","","0"
"2020-07","Canada","2016A000011124","Chained (2012) dollars","Seasonally adjusted at annual rates","Food and beverage services [C221]","Dollars","81","millions","6","v61988998","1.1.1.41","51967","","","","0"
"2020-10","Canada","2016A000011124","Chained (2012) dollars","Seasonally adjusted at annual rates","Food and beverage services [C221]","Dollars","81","millions","6","v61988998","1.1.1.41","45601","","","","0"
"2021-01","Canada","2016A000011124","Chained (2012) dollars","Seasonally adjusted at annual rates","Food and beverage services [C221]","Dollars","81","millions","6","v61988998","1.1.1.41","45904","","","","0"
"2021-04","Canada","2016A000011124","Chained (2012) dollars","Seasonally adjusted at annual rates","Food and beverage services [C221]","Dollars","81","millions","6","v61988998","1.1.1.41","48091","","","","0"
"2021-07","Canada","2016A000011124","Chained (2012) dollars","Seasonally adjusted at annual rates","Food and beverage services [C221]","Dollars","81","millions","6","v61988998","1.1.1.41","62168","","","","0"
"2020-01","Canada","2016A000011124","Chained (2012) dollars","Seasonally adjusted at annual rates","Accommodation services [C222]","Dollars","81","millions","6","v61988999","1.1.1.42","10868","","","","0"
"2020-04","Canada","2016A000011124","Chained (2012) dollars","Seasonally adjusted at annual rates","Accommodation services [C222]","Dollars","81","millions","6","v61988999","1.1.1.42","4604","","","","0"
"2020-07","Canada","2016A000011124","Chained (2012) dollars","Seasonally adjusted at annual rates","Accommodation services [C222]","Dollars","81","millions","6","v61988999","1.1.1.42","7108","","","","0"
"2020-10","Canada","2016A000011124","Chained (2012) dollars","Seasonally adjusted at annual rates","Accommodation services [C222]","Dollars","81","millions","6","v61988999","1.1.1.42","7176","","","","0"
"2021-01","Canada","2016A000011124","Chained (2012) dollars","Seasonally adjusted at annual rates","Accommodation services [C222]","Dollars","81","millions","6","v61988999","1.1.1.42","7340","","","","0"
"2021-04","Canada","2016A000011124","Chained (2012) dollars","Seasonally adjusted at annual rates","Accommodation services [C222]","Dollars","81","millions","6","v61988999","1.1.1.42","7280","","","","0"
"2021-07","Canada","2016A000011124","Chained (2012) dollars","Seasonally adjusted at annual rates","Accommodation services [C222]","Dollars","81","millions","6","v61988999","1.1.1.42","9224","","","","0"
"2020-01","Canada","2016A000011124","Chained (2012) dollars","Seasonally adjusted at annual rates","Insurance and financial services [C23]","Dollars","81","millions","6","v61989000","1.1.1.43","115656","","","","0"
"2020-04","Canada","2016A000011124","Chained (2012) dollars","Seasonally adjusted at annual rates","Insurance and financial services [C23]","Dollars","81","millions","6","v61989000","1.1.1.43","116329","","","","0"
"2020-07","Canada","2016A000011124","Chained (2012) dollars","Seasonally adjusted at annual rates","Insurance and financial services [C23]","Dollars","81","millions","6","v61989000","1.1.1.43","117091","","","","0"
"2020-10","Canada","2016A000011124","Chained (2012) dollars","Seasonally adjusted at annual rates","Insurance and financial services [C23]","Dollars","81","millions","6","v61989000","1.1.1.43","119812","","","","0"
"2021-01","Canada","2016A000011124","Chained (2012) dollars","Seasonally adjusted at annual rates","Insurance and financial services [C23]","Dollars","81","millions","6","v61989000","1.1.1.43","123241","","","","0"
"2021-04","Canada","2016A000011124","Chained (2012) dollars","Seasonally adjusted at annual rates","Insurance and financial services [C23]","Dollars","81","millions","6","v61989000","1.1.1.43","126992","","","","0"
"2021-07","Canada","2016A000011124","Chained (2012) dollars","Seasonally adjusted at annual rates","Insurance and financial services [C23]","Dollars","81","millions","6","v61989000","1.1.1.43","128288","","","","0"
"2020-01","Canada","2016A000011124","Chained (2012) dollars","Seasonally adjusted at annual rates","Insurance [C231]","Dollars","81","millions","6","v61989001","1.1.1.44","29349","","","","0"
"2020-04","Canada","2016A000011124","Chained (2012) dollars","Seasonally adjusted at annual rates","Insurance [C231]","Dollars","81","millions","6","v61989001","1.1.1.44","29611","","","","0"
"2020-07","Canada","2016A000011124","Chained (2012) dollars","Seasonally adjusted at annual rates","Insurance [C231]","Dollars","81","millions","6","v61989001","1.1.1.44","29715","","","","0"
"2020-10","Canada","2016A000011124","Chained (2012) dollars","Seasonally adjusted at annual rates","Insurance [C231]","Dollars","81","millions","6","v61989001","1.1.1.44","29835","","","","0"
"2021-01","Canada","2016A000011124","Chained (2012) dollars","Seasonally adjusted at annual rates","Insurance [C231]","Dollars","81","millions","6","v61989001","1.1.1.44","29908","","","","0"
"2021-04","Canada","2016A000011124","Chained (2012) dollars","Seasonally adjusted at annual rates","Insurance [C231]","Dollars","81","millions","6","v61989001","1.1.1.44","30057","","","","0"
"2021-07","Canada","2016A000011124","Chained (2012) dollars","Seasonally adjusted at annual rates","Insurance [C231]","Dollars","81","millions","6","v61989001","1.1.1.44","30101","","","","0"
"2020-01","Canada","2016A000011124","Chained (2012) dollars","Seasonally adjusted at annual rates","Financial services indirectly measured [C232]","Dollars","81","millions","6","v61989002","1.1.1.45","28874","","","","0"
"2020-04","Canada","2016A000011124","Chained (2012) dollars","Seasonally adjusted at annual rates","Financial services indirectly measured [C232]","Dollars","81","millions","6","v61989002","1.1.1.45","29528","","","","0"
"2020-07","Canada","2016A000011124","Chained (2012) dollars","Seasonally adjusted at annual rates","Financial services indirectly measured [C232]","Dollars","81","millions","6","v61989002","1.1.1.45","28962","","","","0"
"2020-10","Canada","2016A000011124","Chained (2012) dollars","Seasonally adjusted at annual rates","Financial services indirectly measured [C232]","Dollars","81","millions","6","v61989002","1.1.1.45","28990","","","","0"
"2021-01","Canada","2016A000011124","Chained (2012) dollars","Seasonally adjusted at annual rates","Financial services indirectly measured [C232]","Dollars","81","millions","6","v61989002","1.1.1.45","29330","","","","0"
"2021-04","Canada","2016A000011124","Chained (2012) dollars","Seasonally adjusted at annual rates","Financial services indirectly measured [C232]","Dollars","81","millions","6","v61989002","1.1.1.45","30045","","","","0"
"2021-07","Canada","2016A000011124","Chained (2012) dollars","Seasonally adjusted at annual rates","Financial services indirectly measured [C232]","Dollars","81","millions","6","v61989002","1.1.1.45","30309","","","","0"
"2020-01","Canada","2016A000011124","Chained (2012) dollars","Seasonally adjusted at annual rates","Other financial services [C233]","Dollars","81","millions","6","v61989003","1.1.1.46","57254","","","","0"
"2020-04","Canada","2016A000011124","Chained (2012) dollars","Seasonally adjusted at annual rates","Other financial services [C233]","Dollars","81","millions","6","v61989003","1.1.1.46","57021","","","","0"
"2020-07","Canada","2016A000011124","Chained (2012) dollars","Seasonally adjusted at annual rates","Other financial services [C233]","Dollars","81","millions","6","v61989003","1.1.1.46","58222","","","","0"
"2020-10","Canada","2016A000011124","Chained (2012) dollars","Seasonally adjusted at annual rates","Other financial services [C233]","Dollars","81","millions","6","v61989003","1.1.1.46","60769","","","","0"
"2021-01","Canada","2016A000011124","Chained (2012) dollars","Seasonally adjusted at annual rates","Other financial services [C233]","Dollars","81","millions","6","v61989003","1.1.1.46","63766","","","","0"
"2021-04","Canada","2016A000011124","Chained (2012) dollars","Seasonally adjusted at annual rates","Other financial services [C233]","Dollars","81","millions","6","v61989003","1.1.1.46","66637","","","","0"
"2021-07","Canada","2016A000011124","Chained (2012) dollars","Seasonally adjusted at annual rates","Other financial services [C233]","Dollars","81","millions","6","v61989003","1.1.1.46","67621","","","","0"
"2020-01","Canada","2016A000011124","Chained (2012) dollars","Seasonally adjusted at annual rates","Miscellaneous goods and services [C24]","Dollars","81","millions","6","v61989004","1.1.1.47","59846","","","","0"
"2020-04","Canada","2016A000011124","Chained (2012) dollars","Seasonally adjusted at annual rates","Miscellaneous goods and services [C24]","Dollars","81","millions","6","v61989004","1.1.1.47","47272","","","","0"
"2020-07","Canada","2016A000011124","Chained (2012) dollars","Seasonally adjusted at annual rates","Miscellaneous goods and services [C24]","Dollars","81","millions","6","v61989004","1.1.1.47","57776","","","","0"
"2020-10","Canada","2016A000011124","Chained (2012) dollars","Seasonally adjusted at annual rates","Miscellaneous goods and services [C24]","Dollars","81","millions","6","v61989004","1.1.1.47","58178","","","","0"
"2021-01","Canada","2016A000011124","Chained (2012) dollars","Seasonally adjusted at annual rates","Miscellaneous goods and services [C24]","Dollars","81","millions","6","v61989004","1.1.1.47","56606","","","","0"
"2021-04","Canada","2016A000011124","Chained (2012) dollars","Seasonally adjusted at annual rates","Miscellaneous goods and services [C24]","Dollars","81","millions","6","v61989004","1.1.1.47","56537","","","","0"
"2021-07","Canada","2016A000011124","Chained (2012) dollars","Seasonally adjusted at annual rates","Miscellaneous goods and services [C24]","Dollars","81","millions","6","v61989004","1.1.1.47","60921","","","","0"
"2020-01","Canada","2016A000011124","Chained (2012) dollars","Seasonally adjusted at annual rates","Personal care [C241]","Dollars","81","millions","6","v61989005","1.1.1.48","26740","","","","0"
"2020-04","Canada","2016A000011124","Chained (2012) dollars","Seasonally adjusted at annual rates","Personal care [C241]","Dollars","81","millions","6","v61989005","1.1.1.48","22321","","","","0"
"2020-07","Canada","2016A000011124","Chained (2012) dollars","Seasonally adjusted at annual rates","Personal care [C241]","Dollars","81","millions","6","v61989005","1.1.1.48","27020","","","","0"
"2020-10","Canada","2016A000011124","Chained (2012) dollars","Seasonally adjusted at annual rates","Personal care [C241]","Dollars","81","millions","6","v61989005","1.1.1.48","26508","","","","0"
"2021-01","Canada","2016A000011124","Chained (2012) dollars","Seasonally adjusted at annual rates","Personal care [C241]","Dollars","81","millions","6","v61989005","1.1.1.48","25951","","","","0"
"2021-04","Canada","2016A000011124","Chained (2012) dollars","Seasonally adjusted at annual rates","Personal care [C241]","Dollars","81","millions","6","v61989005","1.1.1.48","25786","","","","0"
"2021-07","Canada","2016A000011124","Chained (2012) dollars","Seasonally adjusted at annual rates","Personal care [C241]","Dollars","81","millions","6","v61989005","1.1.1.48","28173","","","","0"
"2020-01","Canada","2016A000011124","Chained (2012) dollars","Seasonally adjusted at annual rates","Personal effects [C242]","Dollars","81","millions","6","v61989006","1.1.1.49","7062","","","","0"
"2020-04","Canada","2016A000011124","Chained (2012) dollars","Seasonally adjusted at annual rates","Personal effects [C242]","Dollars","81","millions","6","v61989006","1.1.1.49","4636","","","","0"
"2020-07","Canada","2016A000011124","Chained (2012) dollars","Seasonally adjusted at annual rates","Personal effects [C242]","Dollars","81","millions","6","v61989006","1.1.1.49","7822","","","","0"
"2020-10","Canada","2016A000011124","Chained (2012) dollars","Seasonally adjusted at annual rates","Personal effects [C242]","Dollars","81","millions","6","v61989006","1.1.1.49","7387","","","","0"
"2021-01","Canada","2016A000011124","Chained (2012) dollars","Seasonally adjusted at annual rates","Personal effects [C242]","Dollars","81","millions","6","v61989006","1.1.1.49","7079","","","","0"
"2021-04","Canada","2016A000011124","Chained (2012) dollars","Seasonally adjusted at annual rates","Personal effects [C242]","Dollars","81","millions","6","v61989006","1.1.1.49","7121","","","","0"
"2021-07","Canada","2016A000011124","Chained (2012) dollars","Seasonally adjusted at annual rates","Personal effects [C242]","Dollars","81","millions","6","v61989006","1.1.1.49","8424","","","","0"
"2020-01","Canada","2016A000011124","Chained (2012) dollars","Seasonally adjusted at annual rates","Social services [C243]","Dollars","81","millions","6","v61989007","1.1.1.50","15009","","","","0"
"2020-04","Canada","2016A000011124","Chained (2012) dollars","Seasonally adjusted at annual rates","Social services [C243]","Dollars","81","millions","6","v61989007","1.1.1.50","10379","","","","0"
"2020-07","Canada","2016A000011124","Chained (2012) dollars","Seasonally adjusted at annual rates","Social services [C243]","Dollars","81","millions","6","v61989007","1.1.1.50","12444","","","","0"
"2020-10","Canada","2016A000011124","Chained (2012) dollars","Seasonally adjusted at annual rates","Social services [C243]","Dollars","81","millions","6","v61989007","1.1.1.50","13252","","","","0"
"2021-01","Canada","2016A000011124","Chained (2012) dollars","Seasonally adjusted at annual rates","Social services [C243]","Dollars","81","millions","6","v61989007","1.1.1.50","12568","","","","0"
"2021-04","Canada","2016A000011124","Chained (2012) dollars","Seasonally adjusted at annual rates","Social services [C243]","Dollars","81","millions","6","v61989007","1.1.1.50","12662","","","","0"
"2021-07","Canada","2016A000011124","Chained (2012) dollars","Seasonally adjusted at annual rates","Social services [C243]","Dollars","81","millions","6","v61989007","1.1.1.50","13484","","","","0"
"2020-01","Canada","2016A000011124","Chained (2012) dollars","Seasonally adjusted at annual rates","Other services [C244]","Dollars","81","millions","6","v61989008","1.1.1.51","11034","","","","0"
"2020-04","Canada","2016A000011124","Chained (2012) dollars","Seasonally adjusted at annual rates","Other services [C244]","Dollars","81","millions","6","v61989008","1.1.1.51","10031","","","","0"
"2020-07","Canada","2016A000011124","Chained (2012) dollars","Seasonally adjusted at annual rates","Other services [C244]","Dollars","81","millions","6","v61989008","1.1.1.51","10692","","","","0"
"2020-10","Canada","2016A000011124","Chained (2012) dollars","Seasonally adjusted at annual rates","Other services [C244]","Dollars","81","millions","6","v61989008","1.1.1.51","11119","","","","0"
"2021-01","Canada","2016A000011124","Chained (2012) dollars","Seasonally adjusted at annual rates","Other services [C244]","Dollars","81","millions","6","v61989008","1.1.1.51","11117","","","","0"
"2021-04","Canada","2016A000011124","Chained (2012) dollars","Seasonally adjusted at annual rates","Other services [C244]","Dollars","81","millions","6","v61989008","1.1.1.51","11062","","","","0"
"2021-07","Canada","2016A000011124","Chained (2012) dollars","Seasonally adjusted at annual rates","Other services [C244]","Dollars","81","millions","6","v61989008","1.1.1.51","11014","","","","0"
"2020-01","Canada","2016A000011124","Chained (2012) dollars","Seasonally adjusted at annual rates","Net expenditure abroad [C25]","Dollars","81","millions","6","v61989009","1.1.1.52","15764","","","","0"
"2020-04","Canada","2016A000011124","Chained (2012) dollars","Seasonally adjusted at annual rates","Net expenditure abroad [C25]","Dollars","81","millions","6","v61989009","1.1.1.52","-10892","","","","0"
"2020-07","Canada","2016A000011124","Chained (2012) dollars","Seasonally adjusted at annual rates","Net expenditure abroad [C25]","Dollars","81","millions","6","v61989009","1.1.1.52","-8696","","","","0"
"2020-10","Canada","2016A000011124","Chained (2012) dollars","Seasonally adjusted at annual rates","Net expenditure abroad [C25]","Dollars","81","millions","6","v61989009","1.1.1.52","-6896","","","","0"
"2021-01","Canada","2016A000011124","Chained (2012) dollars","Seasonally adjusted at annual rates","Net expenditure abroad [C25]","Dollars","81","millions","6","v61989009","1.1.1.52","-7064","","","","0"
"2021-04","Canada","2016A000011124","Chained (2012) dollars","Seasonally adjusted at annual rates","Net expenditure abroad [C25]","Dollars","81","millions","6","v61989009","1.1.1.52","-7300","","","","0"
"2021-07","Canada","2016A000011124","Chained (2012) dollars","Seasonally adjusted at annual rates","Net expenditure abroad [C25]","Dollars","81","millions","6","v61989009","1.1.1.52","-4276","","","","0"
"2020-01","Canada","2016A000011124","Chained (2012) dollars","Seasonally adjusted at annual rates","Expenditure by Canadians abroad [C251]","Dollars","81","millions","6","v61989010","1.1.1.53","40416","","","","0"
"2020-04","Canada","2016A000011124","Chained (2012) dollars","Seasonally adjusted at annual rates","Expenditure by Canadians abroad [C251]","Dollars","81","millions","6","v61989010","1.1.1.53","3520","","","","0"
"2020-07","Canada","2016A000011124","Chained (2012) dollars","Seasonally adjusted at annual rates","Expenditure by Canadians abroad [C251]","Dollars","81","millions","6","v61989010","1.1.1.53","4632","","","","0"
"2020-10","Canada","2016A000011124","Chained (2012) dollars","Seasonally adjusted at annual rates","Expenditure by Canadians abroad [C251]","Dollars","81","millions","6","v61989010","1.1.1.53","5504","","","","0"
"2021-01","Canada","2016A000011124","Chained (2012) dollars","Seasonally adjusted at annual rates","Expenditure by Canadians abroad [C251]","Dollars","81","millions","6","v61989010","1.1.1.53","5120","","","","0"
"2021-04","Canada","2016A000011124","Chained (2012) dollars","Seasonally adjusted at annual rates","Expenditure by Canadians abroad [C251]","Dollars","81","millions","6","v61989010","1.1.1.53","4876","","","","0"
"2021-07","Canada","2016A000011124","Chained (2012) dollars","Seasonally adjusted at annual rates","Expenditure by Canadians abroad [C251]","Dollars","81","millions","6","v61989010","1.1.1.53","9696","","","","0"
"2020-01","Canada","2016A000011124","Chained (2012) dollars","Seasonally adjusted at annual rates","Expenditure by non-residents in Canada [C252]","Dollars","81","millions","6","v61989011","1.1.1.54","-24652","","","","0"
"2020-04","Canada","2016A000011124","Chained (2012) dollars","Seasonally adjusted at annual rates","Expenditure by non-residents in Canada [C252]","Dollars","81","millions","6","v61989011","1.1.1.54","-14412","","","","0"
"2020-07","Canada","2016A000011124","Chained (2012) dollars","Seasonally adjusted at annual rates","Expenditure by non-residents in Canada [C252]","Dollars","81","millions","6","v61989011","1.1.1.54","-13328","","","","0"
"2020-10","Canada","2016A000011124","Chained (2012) dollars","Seasonally adjusted at annual rates","Expenditure by non-residents in Canada [C252]","Dollars","81","millions","6","v61989011","1.1.1.54","-12400","","","","0"
"2021-01","Canada","2016A000011124","Chained (2012) dollars","Seasonally adjusted at annual rates","Expenditure by non-residents in Canada [C252]","Dollars","81","millions","6","v61989011","1.1.1.54","-12184","","","","0"
"2021-04","Canada","2016A000011124","Chained (2012) dollars","Seasonally adjusted at annual rates","Expenditure by non-residents in Canada [C252]","Dollars","81","millions","6","v61989011","1.1.1.54","-12176","","","","0"
"2021-07","Canada","2016A000011124","Chained (2012) dollars","Seasonally adjusted at annual rates","Expenditure by non-residents in Canada [C252]","Dollars","81","millions","6","v61989011","1.1.1.54","-13972","","","","0"
"2020-01","Canada","2016A000011124","Chained (2012) dollars","Seasonally adjusted at annual rates","Household final consumption expenditure [C]","Dollars","81","millions","6","v61989012","1.1.1.55","1166164","","","","0"
"2020-04","Canada","2016A000011124","Chained (2012) dollars","Seasonally adjusted at annual rates","Household final consumption expenditure [C]","Dollars","81","millions","6","v61989012","1.1.1.55","1003922","","","","0"
"2020-07","Canada","2016A000011124","Chained (2012) dollars","Seasonally adjusted at annual rates","Household final consumption expenditure [C]","Dollars","81","millions","6","v61989012","1.1.1.55","1132979","","","","0"
"2020-10","Canada","2016A000011124","Chained (2012) dollars","Seasonally adjusted at annual rates","Household final consumption expenditure [C]","Dollars","81","millions","6","v61989012","1.1.1.55","1136311","","","","0"
"2021-01","Canada","2016A000011124","Chained (2012) dollars","Seasonally adjusted at annual rates","Household final consumption expenditure [C]","Dollars","81","millions","6","v61989012","1.1.1.55","1143343","","","","0"
"2021-04","Canada","2016A000011124","Chained (2012) dollars","Seasonally adjusted at annual rates","Household final consumption expenditure [C]","Dollars","81","millions","6","v61989012","1.1.1.55","1141947","","","","0"
"2021-07","Canada","2016A000011124","Chained (2012) dollars","Seasonally adjusted at annual rates","Household final consumption expenditure [C]","Dollars","81","millions","6","v61989012","1.1.1.55","1189996","","","","0"
"2020-01","Canada","2016A000011124","Chained (2012) dollars","Seasonally adjusted at annual rates","Goods [CG]","Dollars","81","millions","6","v61989013","1.1.1.56","515597","","","","0"
"2020-04","Canada","2016A000011124","Chained (2012) dollars","Seasonally adjusted at annual rates","Goods [CG]","Dollars","81","millions","6","v61989013","1.1.1.56","475615","","","","0"
"2020-07","Canada","2016A000011124","Chained (2012) dollars","Seasonally adjusted at annual rates","Goods [CG]","Dollars","81","millions","6","v61989013","1.1.1.56","553877","","","","0"
"2020-10","Canada","2016A000011124","Chained (2012) dollars","Seasonally adjusted at annual rates","Goods [CG]","Dollars","81","millions","6","v61989013","1.1.1.56","554940","","","","0"
"2021-01","Canada","2016A000011124","Chained (2012) dollars","Seasonally adjusted at annual rates","Goods [CG]","Dollars","81","millions","6","v61989013","1.1.1.56","559293","","","","0"
"2021-04","Canada","2016A000011124","Chained (2012) dollars","Seasonally adjusted at annual rates","Goods [CG]","Dollars","81","millions","6","v61989013","1.1.1.56","546684","","","","0"
"2021-07","Canada","2016A000011124","Chained (2012) dollars","Seasonally adjusted at annual rates","Goods [CG]","Dollars","81","millions","6","v61989013","1.1.1.56","556634","","","","0"
"2020-01","Canada","2016A000011124","Chained (2012) dollars","Seasonally adjusted at annual rates","Durable goods [CD]","Dollars","81","millions","6","v61989014","1.1.1.57","140181","","","","0"
"2020-04","Canada","2016A000011124","Chained (2012) dollars","Seasonally adjusted at annual rates","Durable goods [CD]","Dollars","81","millions","6","v61989014","1.1.1.57","121670","","","","0"
"2020-07","Canada","2016A000011124","Chained (2012) dollars","Seasonally adjusted at annual rates","Durable goods [CD]","Dollars","81","millions","6","v61989014","1.1.1.57","166351","","","","0"
"2020-10","Canada","2016A000011124","Chained (2012) dollars","Seasonally adjusted at annual rates","Durable goods [CD]","Dollars","81","millions","6","v61989014","1.1.1.57","166041","","","","0"
"2021-01","Canada","2016A000011124","Chained (2012) dollars","Seasonally adjusted at annual rates","Durable goods [CD]","Dollars","81","millions","6","v61989014","1.1.1.57","166764","","","","0"
"2021-04","Canada","2016A000011124","Chained (2012) dollars","Seasonally adjusted at annual rates","Durable goods [CD]","Dollars","81","millions","6","v61989014","1.1.1.57","161264","","","","0"
"2021-07","Canada","2016A000011124","Chained (2012) dollars","Seasonally adjusted at annual rates","Durable goods [CD]","Dollars","81","millions","6","v61989014","1.1.1.57","159044","","","","0"
"2020-01","Canada","2016A000011124","Chained (2012) dollars","Seasonally adjusted at annual rates","Semi-durable goods [CSD]","Dollars","81","millions","6","v61989015","1.1.1.58","80577","","","","0"
"2020-04","Canada","2016A000011124","Chained (2012) dollars","Seasonally adjusted at annual rates","Semi-durable goods [CSD]","Dollars","81","millions","6","v61989015","1.1.1.58","68950","","","","0"
"2020-07","Canada","2016A000011124","Chained (2012) dollars","Seasonally adjusted at annual rates","Semi-durable goods [CSD]","Dollars","81","millions","6","v61989015","1.1.1.58","90394","","","","0"
"2020-10","Canada","2016A000011124","Chained (2012) dollars","Seasonally adjusted at annual rates","Semi-durable goods [CSD]","Dollars","81","millions","6","v61989015","1.1.1.58","87763","","","","0"
"2021-01","Canada","2016A000011124","Chained (2012) dollars","Seasonally adjusted at annual rates","Semi-durable goods [CSD]","Dollars","81","millions","6","v61989015","1.1.1.58","89659","","","","0"
"2021-04","Canada","2016A000011124","Chained (2012) dollars","Seasonally adjusted at annual rates","Semi-durable goods [CSD]","Dollars","81","millions","6","v61989015","1.1.1.58","86989","","","","0"
"2021-07","Canada","2016A000011124","Chained (2012) dollars","Seasonally adjusted at annual rates","Semi-durable goods [CSD]","Dollars","81","millions","6","v61989015","1.1.1.58","99138","","","","0"
"2020-01","Canada","2016A000011124","Chained (2012) dollars","Seasonally adjusted at annual rates","Non-durable goods [CND]","Dollars","81","millions","6","v61989016","1.1.1.59","294577","","","","0"
"2020-04","Canada","2016A000011124","Chained (2012) dollars","Seasonally adjusted at annual rates","Non-durable goods [CND]","Dollars","81","millions","6","v61989016","1.1.1.59","284583","","","","0"
"2020-07","Canada","2016A000011124","Chained (2012) dollars","Seasonally adjusted at annual rates","Non-durable goods [CND]","Dollars","81","millions","6","v61989016","1.1.1.59","296744","","","","0"
"2020-10","Canada","2016A000011124","Chained (2012) dollars","Seasonally adjusted at annual rates","Non-durable goods [CND]","Dollars","81","millions","6","v61989016","1.1.1.59","300608","","","","0"
"2021-01","Canada","2016A000011124","Chained (2012) dollars","Seasonally adjusted at annual rates","Non-durable goods [CND]","Dollars","81","millions","6","v61989016","1.1.1.59","302417","","","","0"
"2021-04","Canada","2016A000011124","Chained (2012) dollars","Seasonally adjusted at annual rates","Non-durable goods [CND]","Dollars","81","millions","6","v61989016","1.1.1.59","297958","","","","0"
"2021-07","Canada","2016A000011124","Chained (2012) dollars","Seasonally adjusted at annual rates","Non-durable goods [CND]","Dollars","81","millions","6","v61989016","1.1.1.59","298934","","","","0"
"2020-01","Canada","2016A000011124","Chained (2012) dollars","Seasonally adjusted at annual rates","Services [CS]","Dollars","81","millions","6","v61989017","1.1.1.60","650243","","","","0"
"2020-04","Canada","2016A000011124","Chained (2012) dollars","Seasonally adjusted at annual rates","Services [CS]","Dollars","81","millions","6","v61989017","1.1.1.60","529885","","","","0"
"2020-07","Canada","2016A000011124","Chained (2012) dollars","Seasonally adjusted at annual rates","Services [CS]","Dollars","81","millions","6","v61989017","1.1.1.60","581928","","","","0"
"2020-10","Canada","2016A000011124","Chained (2012) dollars","Seasonally adjusted at annual rates","Services [CS]","Dollars","81","millions","6","v61989017","1.1.1.60","584176","","","","0"
"2021-01","Canada","2016A000011124","Chained (2012) dollars","Seasonally adjusted at annual rates","Services [CS]","Dollars","81","millions","6","v61989017","1.1.1.60","586914","","","","0"
"2021-04","Canada","2016A000011124","Chained (2012) dollars","Seasonally adjusted at annual rates","Services [CS]","Dollars","81","millions","6","v61989017","1.1.1.60","597647","","","","0"
"2021-07","Canada","2016A000011124","Chained (2012) dollars","Seasonally adjusted at annual rates","Services [CS]","Dollars","81","millions","6","v61989017","1.1.1.60","635418","","","","0"


